Id,NameId,Name,Text,Traslate,NameTranslate,Notes
2,1,雪菜,「やってるやってる…」,,,
4,3,春希,「ああ…」,,,
6,5,雪菜,"「それじゃ、いっせ～ので飛び込むよ？
春希くん」",,,
8,7,春希,「いっせ～の！」,,,
10,9,雪菜,「ああっ！　わたしが言うつもりだったのに！」,,,
12,11,雪菜＆春希,「卒業、おめでと～！」,,,
14,13,かずさ,「………後でちゃんと片付けろよ、これ」,,,
15,,,"俺たちの祝福の証である
クラッカーのテープを頭に載せたまま、
冬馬は感激のあまり感情をうまく表せないようだった。",,,
17,16,雪菜,"「よかったねかずさ！
冬休み前に卒業決まって！」",,,
19,18,春希,「進路は決まってないけどな！」,,,
21,20,かずさ,「…追試が通っただけだ」,,,
23,22,雪菜,"「だってこれで成績のほうはクリアだよ？\k
",,,
24,,,あとは出席日数だけだもん、もう決まりだよ」,,,
26,25,春希,"「学園側もこんなのをあと一年
飼っておきたくないだろうしなぁ」",,,
28,27,かずさ,「…北原、お前ちょっと表に出ろ」,,,
29,,,二学期終業式。,,,
30,,,"大学入試や就職試験や、人生を左右するイベントが
この後に控える三年生にとっては、
今日が卒業の実質的な最終判定日。",,,
31,,,"そんな、人生の節目となるべきこの日に、冬馬かずさは、
とうとう期末試験全科目の合格点を取りつけた。",,,
32,,,…ちなみに俺たちは一週間前には余裕で取りつけてた。,,,
33,,,"その後の５科目９回におよぶ追試の歴史も、
今となってはいい思い出だ。",,,
34,,,…今日も眠い。,,,
36,35,雪菜,"「ね、これで心置きなく冬休みに入ったことだし、
今からみんなでカラオケに…」",,,
38,37,かずさ＆春希,「行かない」,,,
39,,,"この間も一人だけで十分楽しんでいた雪菜は、
カラオケに関してだけはその人格を認められない。",,,
41,40,かずさ,"「やっと思う存分弾けるようになったんだ。
久しぶりに１日１０時間の日常に戻ろうと思ってる」",,,
43,42,春希,「あ…」,,,
44,,,"相変わらず、お喋りを続けながらも、
冬馬の指先が一時でも止まることはない。",,,
46,45,雪菜,「ピアノ…またやるんだ」,,,
48,47,かずさ,"「あたしの取り得って言ったら、
これくらいしか思いつかないし」",,,
50,49,春希,「確かになぁ…」,,,
52,51,かずさ,"「ちょっとこっち来て背中向けろ。
思い切り蹴飛ばしてやるから」",,,
53,,,"その指さばきは、以前と変わらず軽快だけど、
なんだかその口調までもが、
指先の軽さに引っ張られているように見えた。",,,
54,,,"言葉も表情も、
ほんのちょっと前向きになってきてる。",,,
56,55,かずさ,"「コンクール、出ようと思ってる。
…２年ぶりに」",,,
58,57,春希,「え…」,,,
59,,,"…訂正。
『ほんのちょっと』はいらない。",,,
61,60,雪菜,"「…ほんと？
それって凄いよかずさ！」",,,
63,62,かずさ,"「出るだけなら誰でもできる。
…って訳じゃないけど、
少なくともあたしは推薦取れるから」",,,
65,64,雪菜,"「それでも凄いよ…
絶対に応援行くからね！
ね！　春希くん？」",,,
67,66,春希,「あ、ああ」,,,
68,,,その変化は、俺にとって、とても喜ばしいことだった。,,,
69,,,"春に出会ったとき、思いっきりやさぐれてた同級生を、
『いつか変えてやる』って誓ったあの日…",,,
70,,,その時イメージした冬馬の姿そのものだったから。,,,
72,71,春希,"「凄いな、冬馬。
絶対見に行くからな」",,,
74,73,かずさ,"「…会場で寝るなよ？
ちゃんと見張ってるからな」",,,
75,,,ただ…,,,
76,,,"今、この瞬間にそんな前向きな彼女を見るのは、
なんだか微妙に負けたような気がしないでもないけど。",,,
78,77,雪菜,"「ね、ね。もし優勝なんかしたら、
音大の推薦とかも取れるんじゃないかな？」",,,
80,79,かずさ,"「今すぐ優勝なんてとても無理…ていうか、
そもそも、そんな理由で推薦なんか取れないって」",,,
82,81,春希,「いやいや、冬馬曜子の力さえあれば」,,,
84,83,雪菜,"「そっか…かずさのお母さん、
きっと、どこの音大にだって顔利くよね？」",,,
86,85,春希,"「たとえ顔が利かなくたって、
冬馬家の財力をもってすれば…」",,,
88,87,かずさ,"「…お前らウチの家庭事情をネタにしすぎだ。
そこまで堂々と陰口叩かれると怒る気もなくす」",,,
90,89,春希,"「本人目の前にして陰口なんか言うか。
これはただのやっかみだ」",,,
92,91,かずさ,「岡山の名家のボンボンのくせに」,,,
94,93,雪菜,"「え、なにそれ？
わたし聞いたことないよそんなの！\k
",,,
95,,,春希くんまたわたしを仲間外れにしたぁ！」,,,
97,96,春希,「え？　いや、それは…冬馬！」,,,
99,98,かずさ,「わかりやすい因果応報の実例だろ？」,,,
100,,,………,,,
102,101,かずさ,"「ま、確かに母さんの力をちょっと借りたけど、
今度のコンクールは本当にただの腕試しだから」",,,
104,103,雪菜,「そうなんだぁ…」,,,
105,,,"一瞬のうちにむくれた雪菜を、
数分かけてなだめてるうちも。",,,
106,,,"冬馬は、指先を止めないまま、
俺たちを見てくすくす笑ってた。",,,
107,,,…笑ってた。,,,
109,108,かずさ,"「ここ２年、どの先生にも付かずに、
ずっと自己流でやってたし…
そんなのが勝てるほど甘くない」",,,
111,110,雪菜,「で、でも、かずさなら」,,,
113,112,かずさ,"「あたしの腕はあたしが一番よく知ってる。
今なら本選に残れば奇跡ってレベル。
ま…それでも音楽科の奴らには負けないけど」",,,
115,114,雪菜,「あ、あはは…」,,,
117,116,かずさ,"「とにかく今はさ…
思い出したいんだ」",,,
119,118,春希,「全盛期の力を？」,,,
121,120,かずさ,"「ううん…
こんなあたしでも、きっと昔は、
ピアノが大好きだったんじゃないかなってことを」",,,
123,122,雪菜,「昔は…？」,,,
125,124,かずさ,"「どうもさ…
母さんに反抗してるうちに、忘れちゃったみたいでさ」",,,
126,,,そんな自嘲気味に呟く言葉さえ…,,,
128,127,かずさ,"「自分が昔、どんな気持ちで
ピアノの前に立ってたんだろうって」",,,
129,,,今の冬馬は、懐かしさを滲ませることができる。,,,
131,130,かずさ,"「な～んで毎日１０時間以上もピアノの前に座って、
文句一つ言わなかったんだろうなって」",,,
132,,,"苦笑が、苦くない。
俺の知ってる冬馬らしくない。",,,
134,133,かずさ,「…馬鹿みたいだと思うか？」,,,
136,135,春希,「いや…いい傾向だと思う」,,,
137,,,"でも、それってつまり、
今まで俺に見せていた冬馬の方こそが、
偽物だったってことで。",,,
139,138,春希,"「だってさ、冬馬、いつの間にか
『母さん』になってんだもんな」",,,
141,140,かずさ,「あ…」,,,
142,,,"自分の母親を『あの人』って呼んでいたあの冬馬は、
俺に本当の姿を見せてなかったってことで。",,,
144,143,かずさ,「そういえば…そうだな」,,,
145,,,"だから本物の冬馬は、こんなにも素直で、
こんなにも簡単に笑顔を浮かべることのできる…",,,
147,146,かずさ,"「はは…あんなに嫌ってたはずなのにな。
なんだか、どうでもよくなってきてるのかな」",,,
148,,,俺の知らない冬馬だったんだ。,,,
150,149,春希,"「いい傾向だ。
親と仲良くしてて悪いことなんか一つもないぞ」",,,
152,151,かずさ,"「北原に言われたくないな。
今年一年、一週間に３回以上、
母親と顔を合わせたことがないくせに」",,,
154,153,春希,「お、お前それは…」,,,
156,155,雪菜,"「ちょっと…どういうこと？
『あんなに嫌ってた』とか、
『顔を合わせたことがない』とか…」",,,
158,157,春希,「あ～もうっ、まったくこいつは…」,,,
160,159,雪菜,「きゃっ？」,,,
161,,,"またしても固まりかける雪菜を引き寄せて、
いい匂いのする髪を、手でくしゃくしゃに乱す。",,,
162,,,"もちろん雪菜は、少しだけ嫌々をするけれど、
俺の手を払いのけるようなことは絶対にしない。",,,
164,163,春希,"「なぁ冬馬、雪菜がまた拗ねる前に、
あの話、してもいいか？」",,,
165,,,"だから俺は、いつの間にか雪菜の肩を抱き、
ゆっくりと頭を撫でていく。",,,
167,166,かずさ,"「仕方ないだろうな。
しないと泣くから、雪菜は」",,,
168,,,"そんな仕草でさえも、
冬馬はやっぱり、苦笑いとともに受け入れてくれて。",,,
170,169,春希,"「したらしたでまた泣くと思うけどな…
雪菜、お母さんとすごく仲いいし。
俺たちの境遇、ショックだと思うぞ？」",,,
172,171,雪菜,"「ふ、二人とも、馬鹿にしないでよ！
わたしのこと、思い込みの激しい痛いコみたいに言って」",,,
174,173,春希,「…少しはその要素あると思うけど」,,,
176,175,かずさ,「ああ、全くの同感だ」,,,
177,,,"だから、大丈夫だ。
皆、いい方向に向かってる。",,,
178,,,"三人の輪の中で、冬馬はまた笑うようになってくれた。
以前よりも明るく笑ってくれるようになってくれた。",,,
179,,,"三人の輪の中で、俺と雪菜は、
自然に絆を深めていくことができるようになった。",,,
180,,,"だから大丈夫。
何も心配することなんかないんだ。",,,
181,,,"俺さえ吹っ切れば、
みんな笑って、この時間が続いていくんだ。",,,
182,,,………,,,
185,184,雪菜,「おはよ、春希くん」,,,
187,186,春希,「ああ、おはよう」,,,
189,188,雪菜,"「相変わらず早いね？
まだ約束より１５分も前だよ」",,,
191,190,春希,"「いや俺、集合時間の３０分前には現地にいないと
なんだか落ち着かなくて…」",,,
193,192,雪菜,"「あはは…
春希くんらしいと言えば、とってもらしいけど…」",,,
195,194,春希,「けど？」,,,
197,196,雪菜,"「でもなぁ…
たまには春希くんのこと、
わくわくしながら待ってたいって気持ちもあるけどね」",,,
199,198,春希,「………」,,,
201,200,雪菜,"「ま、女の子の理不尽なワガママだから、
流してくれていいよ」",,,
203,202,春希,「ごめん…気の利いた受け答えできなくて」,,,
204,,,"そもそも、いつもの性格を隠れ蓑にしてるだけで、
真相は一睡もできなかったという見苦しいものだったり。",,,
206,205,雪菜,"「だからぁ、流して欲しいんだってば。
そうやって重く受け止められると期待しちゃうよ？」",,,
208,207,春希,「重ね重ね…」,,,
209,,,１２月２４日…,,,
210,,,"雪菜が強引に推し進めた計画が、
とうとう発動する、その日。",,,
211,,,…というか温泉旅行。,,,
212,,,つきあい始めて１月目の、しかもクリスマスに、温泉。,,,
213,,,レストランでもバーでも部屋で二人きりでもなく、温泉。,,,
214,,,"…でも泊まり。
しかも男一人に女二人。",,,
215,,,"こんな、俺にとって常識外れの企画が
まかり通るなんて、周囲は何をやってたんだ何を。",,,
216,,,"誰か止める奴はいなかったのか？
例えば、俺とか。",,,
218,217,春希,「なぁ、雪菜」,,,
220,219,雪菜,「ん？　なに？」,,,
222,221,春希,"「もう一度確認するけど、
本当に、お父さんいいって言ったのか？
俺も一緒に行くのに」",,,
224,223,雪菜,「え…」,,,
226,225,春希,"「俺、今回は説明に行かなくて良かったのか？
前に冬馬の家に泊まったときみたいに」",,,
228,227,雪菜,「………」,,,
230,229,春希,「何故黙る？」,,,
232,231,雪菜,「かずさ遅いね」,,,
234,233,春希,「何故話をそらす？」,,,
235,,,"いや、それどころか、
あからさまに目をそらしたり。",,,
236,,,"なんというか、以前から疑念はあったけど、
だんだんと確信に変わりつつある。",,,
238,237,春希,"「なぁ、改めて聞くけどさ…
雪菜、もしかして…」",,,
240,239,雪菜,「………かずさだ」,,,
242,241,春希,「そうやって誤魔化さない」,,,
243,,,"雪菜は今回、
緊急家族会議にて、あろうことか偽証した。",,,
245,244,雪菜,「本当にかずさなんだってば…」,,,
247,246,春希,"「誰も改札から出てきてないって。
それに、次の電車は５分後だ」",,,
248,,,しかも、そのことを俺にまで隠そうとした。,,,
250,249,雪菜,"「ううん、そうじゃなくて、
春希くんの後ろ…」",,,
252,251,春希,「そっちはロータリー…」,,,
254,253,かずさ,「お待たせ」,,,
256,255,春希,「………」,,,
257,,,"雪菜の言い訳を封じ込めようと、
誰もいないはずの後ろを振り返り…",,,
259,258,かずさ,"「じゃ、荷物積んで早速出るか。\k
",,,
260,,,…って、トランクってどうやって開けるんだ？」,,,
262,261,春希,「………ちょっと待て、なんだこれは！？」,,,
263,,,そして、一瞬のうちにうやむやになってしまった。,,,
265,264,雪菜,"「うわぁ…すっごい！
これ外車だよね？」",,,
266,,,"というか、この青と白の丸いエンブレムは…
アルファベット三文字のロゴは…",,,
267,,,"つまり、自動車。
しかも、高級外車。
要するに、１台○百万。",,,
269,268,かずさ,"「ウチのガレージに２台あったから１台借りてきた。
一応、今日のためにメンテ出しといたから動くよ」",,,
270,,,"そして、左側にある運転席から顔を覗かせるのは、
その車の向きから、どう考えてもロータリーを
逆行してきたとしか思えない…",,,
272,271,春希,「誰が運転すんだよこんなの！？」,,,
274,273,かずさ,"「あたしに決まってるだろ。
大体、ここまで誰が運んできたと思ってるんだ？」",,,
276,275,春希,「免許は！？」,,,
278,277,かずさ,"「夏休みに取ってたから。
ほら、あの頃はやることなかったし」",,,
280,279,春希,「念のため聞くが、取ってから運転とかは…」,,,
282,281,かずさ,"「してるわけないだろ。
二学期はずっとお前らに振り回されて、
ドライブなんてとてもじゃないけど…」",,,
284,283,雪菜,"「あれ、かずさ？
右の前のとこ、なんかへこんでるよ？」",,,
286,285,春希,「………」,,,
287,,,"さっきまでの揉め事が可愛く思えるくらい…
というか間違いなくこれに比べれば可愛すぎる。",,,
289,288,かずさ,"「ほら、早く行こ。
なぁ北原、トランク開けてくれないか？」",,,
291,290,春希,"「わかった、行こうか冬馬。
…お前の家のガレージへ」",,,
293,292,かずさ,"「そんなに心配しなくても平気だ。
別に壊れてもいいから」",,,
295,294,春希,「人が壊れたらどう責任取るつもりだ！？」,,,
297,296,かずさ,「大丈夫だって。安全運転するから」,,,
299,298,春希,"「気をつけただけで安全に運転する奴は、
普通に運転できる奴だ…」",,,
301,300,雪菜,"「ね、春希くんも早く乗りなよ。
道が混む前に東京出ちゃおうよ」",,,
303,302,春希,「雪菜ぁ…」,,,
304,,,"いつの間にか、助手席側から、
雪菜がひょっこりと顔を出す。",,,
305,,,"ついに恐れていた事態…
賛成２、反対１の多数決が成立してしまった。",,,
307,306,春希,"「な、雪菜、降りよう。
やっぱり電車で行こう？」",,,
309,308,雪菜,"「車のほうがいいよ。
荷物持たなくていいし、
ずっとお喋りもできるし」",,,
310,,,"議論に夢中で、裏工作を怠っていた俺のミスだ。
ここは反対票を取りまとめるべきだった。",,,
311,,,"冬馬が雪菜をまんまと車内に引き入れた時点で、
俺の負けは決まっていたのかもしれない。",,,
313,312,春希,"「けど俺は、雪菜のご両親に責任が…
もし事故にでも遭って、雪菜が怪我でもしたら…」",,,
315,314,かずさ,「確かに、キズモノにしたら責任取るのは北原だけど」,,,
317,316,雪菜,「え…っ」,,,
319,318,春希,"「お前は黙ってろ！
ああもう、勘弁してくれ…
二人とも、コトの重大さを全然わかってない」",,,
321,320,雪菜,"「大丈夫だよ。かずさが何でもできるってことは、
わたしたちが一番よくわかってるじゃない」",,,
323,322,春希,「雪菜…」,,,
324,,,"その思い込みは、
一月前までは俺の専売特許だった。",,,
326,325,かずさ,"「あたしがお前たちを
危険な目に遭わせるわけないだろ？
信じろよ？」",,,
328,327,春希,「冬馬…」,,,
329,,,"決して納得した訳じゃないけれど、
今さらこの決定を覆せないことだけは理解した俺は、
あまりにも渋々と、後部座席に乗り込む。",,,
331,330,春希,「って、しかもマニュアル車…」,,,
332,,,左ハンドル、マニュアル、そして一台○百万…,,,
333,,,"車を持ち出してきただけでも頭痛いのに、
なんだこの悪夢の三重苦は。",,,
334,,,助けてヘレンケラー…,,,
336,335,雪菜,"「ね、かずさ、オーディオのスイッチどこかな？
わたし一応ＣＤとか持ってきたんだけど…」",,,
338,337,かずさ,「…これかな？」,,,
339,,,楽しいはずの旅行に、暗雲がたちこめて…,,,
341,340,ラジオの天気予報,"「続いて北関東地方、日中から雲が多く、
夜には山間部を中心に雪となるでしょう。
では各地のお天気です…」",,,
343,342,春希,「………」,,,
345,344,雪菜,"「良かった～。
雪、見れそうだね」",,,
346,,,暗雲が…,,,
347,,,"北関東山間部って…
初ドライブで雪…？",,,
348,,,四重苦！？,,,
350,349,かずさ,"「それじゃ出るぞ。
みんな一応シートベルト締めて」",,,
352,351,春希,"「冬馬…
まずは俺の言う通りの場所に行ってくれ」",,,
354,353,かずさ,「家に戻れってのはナシな」,,,
356,355,春希,"「まずは本屋で地図を買う。
次にカー用品店で寒冷地対応グッズを買い漁る。
チェーンに不凍液にブースターケーブル…あるか？」",,,
357,,,"なら、俺のすべきことは
命がけで、運転席と助手席の二人を守ること。",,,
359,358,かずさ,「それ全部用意してないってよくわかったな」,,,
361,360,雪菜,「さすが、転ばぬ先の春希くん、だね」,,,
363,362,春希,「はぁ…」,,,
364,,,"たかが国内の移動に、
ここまで命がけにならなくちゃならないことに、
釈然としないものを感じないでもないけれど。",,,
366,365,かずさ,「それじゃ、出ぱ…」,,,
368,367,春希,「………」,,,
370,369,雪菜,「………」,,,
372,371,かずさ,「半クラッチって、難しいな」,,,
374,373,春希,「いや、サイドブレーキ…」,,,
376,375,かずさ,"「あ～、そうだったそうだった。
左右逆だからついつい忘れるんだよな」",,,
378,377,春希,"「すまん、行き先変更。
まず薬局に頼む」",,,
380,379,雪菜,「春希くん、もしかして乗り物酔いするの？」,,,
382,381,春希,「いや…胃薬を」,,,
383,,,既にキリキリ痛んでるし。,,,
384,,,………,,,
385,,,と、いうわけで…,,,
387,386,かずさ,「………」,,,
389,388,雪菜,「かずさ、大丈夫？」,,,
391,390,かずさ,"「話しかけないでくれ…
ちょっとでも気を抜いたらヤバい」",,,
393,392,雪菜,「ご、ごめん」,,,
395,394,かずさ,「………」,,,
397,396,春希,"「あ、冬馬。
そこの信号左に…」",,,
399,398,かずさ,「話しかけるなって言ってるだろ！」,,,
401,400,春希,「…どうしろと」,,,
402,,,俺たちの旅は…,,,
404,403,雪菜,「あ、高速の入り口あったよ！」,,,
406,405,かずさ,「よ、よし………えっと、今のうちに左車線…」,,,
408,407,春希,"「駄目だ。入るな。
今の状態で高速なんか絶対無理」",,,
410,409,かずさ,「わ、わかった」,,,
412,411,雪菜,"「でもさ、運転慣れてない人には、
実は高速道路の方が走りやすいんだって、お父さんが」",,,
414,413,かずさ,「そ、そうなのか…？」,,,
416,415,春希,"「今のままじゃ、きっと合流ができないって。
もう少し慣れるまで下道で行こう」",,,
418,417,かずさ,「も、もう少し…？」,,,
420,419,雪菜,"「でもさ、今は国道沿いだからいいけど、
次のインター、ちょっと外れちゃうみたいだよ？」",,,
422,421,かずさ,「え…」,,,
424,423,春希,"「どれ、地図貸して。
…あ、本当だ、どうしたもんかな」",,,
426,425,かずさ,「………」,,,
428,427,雪菜,"「なんとかなるよ。
ずっと左車線の端っこを走ってればさ」",,,
430,429,かずさ,「…っ」,,,
432,431,春希,"「ん～…そうだな。
これも経験だ。冬馬、やっぱり高速に…」",,,
434,433,かずさ,「今入り口過ぎたところだよ！」,,,
435,,,様々な紆余曲折を経て…,,,
437,436,かずさ,「～♪」,,,
439,438,雪菜,"「…やっぱりかずさって、
何でもできちゃうんだね」",,,
441,440,かずさ,"「慣れちゃえばこっちのもの。
車も楽器も、根っこのところは同じ“道具”だしね」",,,
443,442,春希,"「だからって気を抜くなよ。
ちょっとした油断が命取りなんだ」",,,
445,444,かずさ,"「朝から晩まで心配と説教ばっかりだな北原は。
運転できないくせに口だけは偉そうなんだから」",,,
447,446,春希,"「事故ってのは、
自分で慣れたと思ったときが一番起きやすいんだよ。
宿についてエンジン切った後なら何とでも言え」",,,
449,448,かずさ,「もう車線変更も追い越しも思いのままだって」,,,
451,450,雪菜,「うわぁ…速い！」,,,
453,452,春希,「…って、メーター１○０キロ超えてるぞおい！」,,,
454,,,"ついでに、意図しない寄り道を挟みつつ…
って、さっきと言ってること同じだけど。",,,
456,455,春希,「ええと、ええと…」,,,
458,457,雪菜,「………」,,,
460,459,かずさ,「………」,,,
462,461,春希,「…どこだろ、ここ」,,,
464,463,雪菜,「春希くん…」,,,
466,465,かずさ,"「道に迷うとは…
ナビゲーターにあるまじき致命的ミスだな北原」",,,
468,467,春希,「だからさっきから謝ってるだろ！」,,,
470,469,かずさ,「一度も謝ってもらってないような…」,,,
472,471,春希,"「今はそんなことよりも、正しい道に戻ることこそが
俺にできる一番の謝罪だと思ってだなぁ…」",,,
474,473,かずさ,「相変わらず言い逃れだけは天下一品だな」,,,
476,475,雪菜,"「ね、やっぱりさっきの分岐のところ、
右だったんじゃないかなぁ？」",,,
478,477,春希,「ああっ！　日が暮れてきたっ！？」,,,
479,,,いよいよ、終わりを迎えようとしていた。,,,
480,,,…いや、まだ行きの途中でしかないんだけど。,,,
482,481,春希,「間違いない…今度こそビンゴだ」,,,
484,483,雪菜,"「さっき、白雅温泉駅あったもんね。
ここからはパンフレットの地図通りに行けば…
あ～、よかったぁ！」",,,
486,485,かずさ,"「後は一本道か。
これでもう北原に惑わされずに済む」",,,
488,487,春希,「相変わらず人の揚げ足取りだけは天下一品だな」,,,
490,489,かずさ,「相手に合わせて対応を変えてるだけだ」,,,
491,,,"…なんて、ギスギスした会話を続けながらも、
俺も冬馬も、そして雪菜も、ほっとした空気に包まれてた。",,,
492,,,"…何しろ一時間前の惨状は酷かったからなぁ。
段々、皆の口数も減っていくし。",,,
494,493,春希,"「天気のトラブルがなかったのが大きかったよな。
なんとか最後までもってくれたし」",,,
496,495,雪菜,「…？」,,,
498,497,かずさ,"「せっかくチェーンとか色々買い込んだのにな。
ちょっと勿体なかったか」",,,
500,499,雪菜,「あ…」,,,
501,,,"カーショップでは、店員さんの薦めるままに、
最後にはランタンまで買い込んで、
会計が三人分の往復電車賃を超えてたりしたけど。",,,
503,502,春希,"「備えあれば憂いなし。
俺もたまにはいいこと言うだろ？」",,,
505,504,かずさ,"「お前の発言なのかそれ…
ホント、いつも口ばっかり偉そうに…」",,,
507,506,雪菜,「ねぇ、みんな見て！」,,,
509,508,春希,「え？」,,,
511,510,かずさ,「あ…」,,,
512,,,と、雪菜が指差した前方には…,,,
519,,,"いきなり、フロントガラスに大量に舞い落ちる、
大きめの粒。",,,
520,,,"一瞬で、車の外の世界を、
黒から白に染め上げる。",,,
522,521,雪菜,「降ってきたよ…」,,,
524,523,かずさ,「なんとまぁ、最後の最後で」,,,
526,525,春希,「………」,,,
527,,,『雪を見に行こうよ！』,,,
528,,,"雪菜のその一言から始まった、
俺たちの、小さな冒険。",,,
529,,,"野を越え、山を越え、道に迷い、
何度も何度も行ったり戻ったりを繰り返し。",,,
530,,,"予定到着時刻を大幅に過ぎ、
辺りはすっかり暗くなってしまい。",,,
532,531,雪菜,「真っ白…」,,,
534,533,かずさ,「積もりそうだな…今夜」,,,
536,535,春希,「ああ…」,,,
537,,,"でも、そんな時間になってしまったからこそ、
今の瞬間に巡り会えた。",,,
539,538,雪菜,「綺麗…だね」,,,
540,,,"だから俺たちは、そんな重なり合った偶然に、
誰にでもなく、そして誰にでも感謝して…",,,
542,541,かずさ,「あれ…？」,,,
544,543,春希,「…え？」,,,
546,545,雪菜,「きゃっ？」,,,
548,547,かずさ,「………」,,,
550,549,春希,「………」,,,
552,551,雪菜,「………」,,,
553,,,え～と…？,,,
555,554,雪菜,「うわぁ…」,,,
557,556,かずさ,「あちゃ…」,,,
559,558,春希,「なんてこった…」,,,
560,,,"雪菜は空を見上げ…
そして俺と冬馬は、車を見つめ。",,,
561,,,そして皆が、色んな意味での感嘆のため息をついた。,,,
563,562,春希,"「なんだよ…
いつの間にか積もってるじゃん」",,,
564,,,"俺たちが走ってた道は、いつの間にか、
土の上に雪が舗装されており、
左右も雪の壁で覆われていた。",,,
565,,,"で、冬馬の運転する車は、
その白い舗装路に足を取られ、
白い壁に、左のドアがめりこんでいる。",,,
567,566,かずさ,「さっきまで全然だったのにな」,,,
568,,,"空から舞い落ちる雪に見とれてるうちに、
一般的な『山道』に入り込み、以前から
解けていなかった雪の洗礼を浴びてしまった。",,,
570,569,雪菜,"「雪だ…一面雪だよ。
やっと、辿り着いたね」",,,
572,571,春希,「いや、ゴールはほんの少し先…」,,,
573,,,"降雪の迷彩と、積雪のトラップが、
見事なまでに俺たちをハメてくれやがった。",,,
575,574,かずさ,"「あはっ、あは…あははははっ
北原、お前の言う通りだなぁ…
ちょっとした油断が命取りだ」",,,
577,576,春希,"「ウインチ！　ロードサービス！
いや俺宿までひとっ走り行って…」",,,
579,578,雪菜,「えいっ」,,,
581,580,春希,「うわっ！？」,,,
582,,,"そんな、自分までも油断していたことに
うろたえる俺に、天からの罰がくだる。",,,
584,583,雪菜,"「冷たい冷たい！
雪合戦できるよ、雪だるまも作れるよ！」",,,
585,,,…雪菜という、庭駆け回る犬の手によって。,,,
587,586,かずさ,"「あはははは、やられた。見事にしてやられた。
まだまだだな、あたしも」",,,
589,588,春希,"「雪菜、まだだ、まだはしゃぐな！
今は車を掘り出さないと。
あと冬馬、笑ってないで手伝え！」",,,
591,590,雪菜,"「ちょっとだけ、ちょっとだけ…
ね、雪だるま作ってから」",,,
593,592,かずさ,"「あ～、凄い勢いで降ってきた。
このままみんなで車ごと埋もれても面白いな。
ふふ、あはは…」",,,
595,594,春希,「…あのなぁ」,,,
596,,,"駄目だ…
二人して、スイッチが入ってしまった。",,,
597,,,"ちょっとした非現実な日に、
非現実なイベントが重なって。",,,
598,,,"朝から晩まで、何度もミスを繰り返してるうちに、
なんだか、苦境に立たされた自分たちが面白くて、
ついつい笑ったり、はしゃいだりしてしまう。",,,
600,599,春希,「まったく…なぁ」,,,
601,,,"そんな特別な一日も、
それはそれで、何だか面白いかもしれない。",,,
602,,,"俺がそんな風に思わされるくらい、
目の前の二人は、楽しそうで、嬉しそうで…",,,
603,,,そして、俺を嬉しくさせてくれた。,,,
605,604,雪菜,「白い雪が街に～♪」,,,
607,606,春希,「山奥だから」,,,
608,,,………,,,
610,609,雪菜,"「それじゃ…
メリークリスマス！」",,,
612,611,かずさ,「メ、メリー、クリスマス」,,,
614,613,春希,「メリー…クリスマス…」,,,
615,,,"ウーロン茶２つとオレンジジュース（もちろん無果汁）で、
俺たちは健全な乾杯をする。",,,
616,,,"…山奥の温泉地に男１人女２人の学生が
泊まりで来てるってこと自体が健全かどうかというのは
この際置いておかざるを得ない。",,,
618,617,雪菜,"「うわぁ、美味しそう…\k
",,,
619,,,"お刺身と天ぷらとお鍋で祝うクリスマスってのも、
たまにはいいよね？」",,,
621,620,かずさ,"「クリスマスプディングと茶碗蒸しって
少し似てるよな…材料が」",,,
623,622,春希,「チキンもあるしな…鍋の中に団子状で」,,,
624,,,"結局、あの後旅館の人と連絡が取れ、
俺たちはすぐに救助された。",,,
626,625,雪菜,"「それにしても、すごいね窓の外…
ホワイトクリスマスだね」",,,
628,627,かずさ,「ま、ね」,,,
630,629,春希,「わざわざそういうところを選んだ訳だしな」,,,
631,,,"向こうの人は『あ～、よくあるんですよこの道』と
慣れたもので、乗ってきた４ＷＤで俺たちの車を牽引して、
あっという間に引っ張り出してくれた。",,,
633,632,雪菜,"「そういえばね、露天風呂も凄かったんだよ！
屋根がないからお風呂の中にまで雪が降ってきて」",,,
635,634,かずさ,"「寒くて寒くて…
上がった瞬間に凍え死にそうだった」",,,
637,636,雪菜,"「確かに寒かったけど、すっごく気持ちよかったよ。
春希くんも入ってくればよかったのに」",,,
639,638,春希,「そんな気力がありませんでした…」,,,
640,,,"で、旅館についた途端、
俺は日中の疲れに一気に襲いかかられて、
食事が始まるまで畳の上に倒れこんでいた。",,,
642,641,かずさ,"「それだけ消耗してる割には
あまり役に立たなかったけどな」",,,
644,643,春希,「お前ら元気だな…」,,,
645,,,"ずっと運転してた冬馬と、ずっとはしゃいでた雪菜は、
着いたらすぐに館内探索と土産探しと風呂と卓球と、
一通りの『温泉宿と言えば』を満喫してきたというのに。",,,
647,646,かずさ,"「鍛え方が違うからな。
特にここ二月は寝る暇もなかったし」",,,
649,648,春希,"「１１月は俺のせいだったけど、
１２月は自業自得だろ…」",,,
650,,,"というか、
俺も全く同じ目に遭っていたような気もするけど。",,,
652,651,雪菜,"「ほんと、今年を思い返してみても、
いろいろと大変だったよね。さ、飲も飲も」",,,
654,653,かずさ,「忘年会のノリになってるぞ雪菜」,,,
656,655,春希,"「この状況は明らかに忘年会だろ。
これをクリスマスパーティなんて言ったら
欧米人に怒られる」",,,
657,,,"場所選択の時点で
何かが間違っているとは思ったけど…",,,
659,658,雪菜,"「クリスマスでも忘年会でもなんでもいいよ。
一緒にいたい人たちと、一緒にいられるんだから」",,,
661,660,かずさ,"「はいはい、雪菜姫。
あなたのお望みのままに」",,,
662,,,"それにしても、こうして今、
湯上りの濡れ髪も色っぽい浴衣の美少女二人と
差し向かいで鍋をつついてる自分を冷静に省みると…",,,
664,663,春希,"「…ま、いっか。
メリークリスマス」",,,
665,,,正直、今すぐ死んでもいいかもしれない。,,,
666,,,"場所と状況のせいで、
出てくる語彙がかなりおっさんくさいのが嫌だけど、
今の俺の立場の素晴らしさは、もはや犯罪の領域だ。",,,
667,,,………,,,
669,668,雪菜,"「えっと、今日はみなさん、
お忙しいところお集まりいただき、
本当にありがとうございました」",,,
670,,,"…で、そんな楽しい時間なんてのは、
あっという間に過ぎ去るというのは定説で。",,,
671,,,"テーブルに並べられたご馳走は既に底をつき、
忘年会で言うところの『一本締め』の時間になった。",,,
673,672,雪菜,"「今日はクリスマスパーティと、忘年会と、
ちょっと早めの卒業旅行と…ええと…」",,,
675,674,雪菜,"「あ、そうだ。
峰城大付軽音楽同好会の同窓会ということで」",,,
677,676,かずさ,「同窓会って…まだ解散もしてないのに？」,,,
678,,,"すまん…武也。
俺だけは、お前のこと忘れない。",,,
679,,,"…もちろんここで指摘するような野暮な真似もしない。
お前ならわかってくれるよな？",,,
681,680,雪菜,「じゃあ、第０回軽音楽同好会同窓会…これでどう？」,,,
682,,,だって、今日の幹事はこんなに嬉しそうで。,,,
684,683,雪菜,"「第０回だからね？
第１回も、第２回も、何回でもあるんだからね？」",,,
686,685,かずさ,「………」,,,
688,687,春希,「………」,,,
690,689,雪菜,"「だから、来年のこの日も、みんなで集まりたい。
雪を見て、お風呂に入って、夜通しお喋りして…」",,,
691,,,その笑顔を少しでも曇らせることなんて、俺には…,,,
693,692,かずさ,「…約束はできないよ、雪菜」,,,
695,694,雪菜,「え…」,,,
697,696,春希,「………」,,,
698,,,俺には、できる訳がなかったのに。,,,
699,,,"それでも、冬馬のその呟きを、
遮ることもできる訳がなかった。",,,
701,700,かずさ,"「先のことなんてどうなるかわからない。
あたしはお前たちと進路だって違う。
来年の今日のことなんて…約束できないよ」",,,
703,702,雪菜,"「で、でも…いくら忙しくなっても、
せめて年に一度くらいは…」",,,
705,704,かずさ,「でもさ、あたしに男ができたら？」,,,
707,706,春希,「え…？」,,,
709,708,雪菜,「………」,,,
710,,,…間違えた。,,,
711,,,ここで先に絶句するのは、雪菜の方だったはずなのに。,,,
713,712,かずさ,"「で、四六時中、そいつのことしか考えられなくなって、
昔の友達づきあいなんか煩わしくなって…」",,,
715,714,雪菜,「………」,,,
717,716,春希,"「やめろって…
何も今そんな話しなくても。
…クリスマスだろ？」",,,
718,,,"今こうやって、冬馬を諌めたのだって、
雪菜のことを思ってのはずだったのに。",,,
720,719,かずさ,"「クリスマスだからこそだろ？
普通、恋人と過ごすものだろ？」",,,
722,721,春希,"「そんなのは日本だけだ。
本場じゃ家族と過ごしたり、お祈りする日だろ」",,,
723,,,"自分がそんな話を聞きたくないから…
じゃないはずだったのになぁ。",,,
725,724,かずさ,"「雪菜だってさ、
来年は北原と二人きりで過ごしたくなるかもしれない。
もしそうなったら、今日の約束が逆に足枷になるかも…」",,,
727,726,雪菜,「三人でいるときは、ずっと三人のままだよ…」,,,
729,728,かずさ,「………」,,,
731,730,春希,「雪菜…」,,,
733,732,雪菜,"「二人でも、一人でもないよ。
必ず三人だよ」",,,
734,,,"さっきまでの、和気あいあいとした暖かい雰囲気は、
雪の降る露天風呂から上がったときのように、
じわりと凍りつく。",,,
736,735,雪菜,"「三人でいるときは、春希くんは大事な友達だよ。
三人でいるときは、かずさはかけがえのない友達だよ」",,,
738,737,春希,「………」,,,
740,739,雪菜,「…そういうことじゃ、だめかな？」,,,
741,,,今の雪菜は、確かに、そういうことしてる。,,,
742,,,"俺たちが三人でいるとき、
一生懸命、俺の恋人のそぶりを見せずにいる。",,,
743,,,"最初のうちこそ、抑えが利かないこともあったけど、
期末が始まった辺りから、線引きするようになった。",,,
744,,,"俺たちの決めた三秒ルールを遵守するだけじゃなく、
最近の雪菜は、三秒ルールに抵触する行為すら慎む。",,,
746,745,かずさ,"「…あたしや北原にまで、
毎年ずっと、そんなままごと続けろって言うのか？」",,,
748,747,春希,「冬馬、よせ…っ」,,,
749,,,"それでも挑発をやめない冬馬は、
今まさに、超えてはいけない境界を
壊してしまいそうだった。",,,
751,750,かずさ,"「それってさ…勝手で、身勝手で、手前勝手で、
相手のこと…恋人のことすら何も考えてない、
信じられない自己中じゃないか…」",,,
752,,,"その先に何があるのかわからない。
何もないかもしれない。
でも、思わず覗き込んでしまいたくなる深淵。",,,
753,,,冬馬の、心の奥底。,,,
755,754,雪菜,"「確かに、わたしの身勝手だけど。
わたし一人が思い描いてる、夢だけど」",,,
756,,,"そんな黒い気持ちをぶつけられても、
雪菜は、冬馬を正面から強い瞳で見つめる。",,,
758,757,雪菜,"「でも仕方ないよ…
だってわたしたち、
三人であのステージに立ったんだよ…？」",,,
760,759,春希,「あ…」,,,
761,,,"それは、俺の想いと、まったくブレることのない、
まるで俺の口から出たそのままの言葉。",,,
763,762,雪菜,"「三人で、一晩中歌って、弾いて、作ってたんだよ。
三人で、ドキドキしながら幕が開くのを待ってたんだよ。
三人で…あの歓声を浴びちゃったんだよ？」",,,
764,,,"…というか、ほとんど同じ意味の言霊を、
今の雪菜と同じように、冬馬にぶつけたことがある。",,,
766,765,雪菜,"「あの日のこと、何度だって語り尽くしたい。
何年経っても、懐かしく思い出したい。
できれば………もう一度、二人の演奏で歌いたい」",,,
768,767,春希,「………」,,,
769,,,ああ、そうだ…思い出した。,,,
770,,,"雪菜とつきあうって…
冬馬に告げた日、だった。",,,
772,771,雪菜,"「………ごめん。
改めて自分の言ってること聞いてみても、
やっぱり、自己中だね」",,,
773,,,雪菜は、俺と同じだ。,,,
774,,,"自分以外の二人に対して、どちらにも遠慮なく、
どちらにも好きという気持ちをぶつける。",,,
775,,,だからこそ、時々わからなくなる。,,,
776,,,"雪菜は、あの夜…
どうして俺に、決断を迫ったんだろうって。",,,
778,777,かずさ,"「…そこまで言うならさ、
証明してみせて」",,,
779,,,"そんな雪菜の視線と思いを受けて、
冬馬も、しばらく無言で、雪菜を強く見つめ返す。",,,
781,780,雪菜,「な…なに、を？」,,,
782,,,ゆっくりと、自分の背後に手を伸ばし。,,,
783,,,"そしてふたたび、
その手をテーブルの上に置いたとき。",,,
785,784,かずさ,「永遠の友情を」,,,
786,,,その親指は、すでに瓶の蓋に引っかかっていた。,,,
788,787,雪菜,「それって、どうすれ…,,,
789,,,きゃあっ！？」,,,
791,790,春希,「うわっ！？」,,,
792,,,甲高い爆発音が部屋中に響き渡り。,,,
794,793,かずさ,"「雪菜がずっと三人でいたいって言うなら、
今日はとことんまで付き合ってもらう」",,,
796,795,雪菜,「え？」,,,
797,,,"炭酸の弾ける音が、
今度は控えめに、部屋の中に充たされていく。",,,
799,798,かずさ,"「朝まで飲み明かす。
絶対に寝かしてなんかやんない」",,,
800,,,"瓶のラベルには、『Ｃｈａｍｐａｇｎｅ』の文字と、
その下に、どこかで見たようなブランド名。",,,
802,801,雪菜,「え？　え？」,,,
803,,,"で、その下に、更に『Ｖｉｎｔａｇｅ』なる文字と、
四桁の、多分生産年を表す数字。",,,
804,,,"もしかしてあれは、
銀座の高級バーとかでえらく有名な…",,,
806,805,かずさ,"「じゃ、もう一度メリークリスマス！
あははははっ、やだな雪菜、マジになってるし！」",,,
808,807,雪菜,「えええええっ！？」,,,
809,,,………,,,
811,810,かずさ,"「ほ～ら雪菜。
もう一杯行ってみよっか？」",,,
813,812,雪菜,"「う…うぅぅぅぅ…っ。弄ばれた…
かずさに、恥ずかしい目に遭わされちゃったよぅ」",,,
815,814,かずさ,"「あははは…雪菜、本当に可愛いな。
あたしが男だったら絶対北原なんかに渡さないのに」",,,
817,816,春希,「俺に振るな」,,,
819,818,雪菜,"「かずさみたいな酷い男に騙されたりしないもん！
んく、んく…はぁぁ…っ」",,,
820,,,"…などと嘆きつつも、熱い息を吐き、
かずさに身をすり寄せる雪菜。",,,
821,,,"からかわれた恥ずかしさのあまり、
冬馬に注がれるまま、
シャンペンを立て続けに三杯あおり…",,,
822,,,"その頃になって、どうやら自分の飲んでいるものが、
いつも家族とのクリスマスパーティに出てくる、
２００円の炭酸飲料でないことに気づいたらしかった。",,,
824,823,かずさ,"「酷い男、か…そうだよな。雪菜の趣味じゃないよな。
今の男はあたしを正反対にしたような奴だし。
…幸せにしろよ、北原」",,,
826,825,春希,「ぶっ！？」,,,
827,,,酔ってるのは雪菜だけだと油断してたら…,,,
829,828,雪菜,"「もう、今はそういう色っぽい話はしないの！
あのね、わたしたちが三人でいるときは～」",,,
831,830,かずさ,"「はいはい、いつでも三人だったな。
忘れてないって雪菜。よしよし」",,,
833,832,雪菜,"「そ～そ～、ずっと三人なのぉ。
春希くんがいて、かずさがいて、
そして…わらひがぁ…あはははは～」",,,
835,834,かずさ,"「ちょっと、おい、雪菜…か、からみつくなって…
お、おい、北原…」",,,
837,836,春希,"「助けないぞ俺は。
飲ませたのは冬馬なんだからな。
自分で蒔いた種は自分で刈り取りましょう」",,,
838,,,"というか、目の前で、浴衣一枚で絡みあう
二つの身体が凄まじく色っぽくて。",,,
839,,,"こんな素晴らしい景観を壊してたまるかと、
俺は自然保護の観点からも強く誓うのだった。",,,
841,840,雪菜,"「んぅぅぅぅ～…
かずさ、髪さらさら。
お風呂で見たけど、肌も真っ白だったしぃ」",,,
843,842,かずさ,"「雪菜の方が白かったと思う…
それに、背中なんかつるつるでさ」",,,
845,844,雪菜,"「んふふふ…ありがとぉ。
はぁ…いい匂いする～」",,,
847,846,かずさ,「あ、ちょっと………雪菜？」,,,
849,848,雪菜,「ん…んぅぅ…」,,,
851,850,かずさ,「…あ～あ」,,,
853,852,春希,"「お疲れ。
もう一杯行くか？」",,,
855,854,かずさ,「飲まなきゃやってられるか」,,,
857,856,春希,「わかりやすい因果応報の実例だな」,,,
858,,,"自分にもたれかかったままぐったりした雪菜を
そのまま膝の上に受け止めて、冬馬がグラスをぐっと煽る。",,,
859,,,で、俺は我関せずといったそぶりでそっぽを向く。,,,
860,,,"…向いてはいるけど、視線だけは
胸元から覗くふくらみとか、裾から覗くふくらはぎとか、
色々と凄いモノへと突き刺さる。",,,
861,,,"…来て、よかった。
欲を言えば、ちょっとだけ一人きりになりたい。今すぐ。",,,
863,862,かずさ,"「しかし…
そういう北原は結構平気なんだな」",,,
865,864,春希,「だって…美味いぞこれ」,,,
867,866,かずさ,「それって理由になるのか？」,,,
869,868,春希,"「昔さ、一度だけ武也たちと集まって、
１本３９０円の安ワイン飲みまくったことあるけど、
あの時は三杯目から吐き気がしてた」",,,
870,,,主題がコスプレＡＶ鑑賞会だったことは勿論伏せておく。,,,
872,871,かずさ,「ま、北原も少しは胃が肥えてるってことかな？」,,,
874,873,春希,「その言い方、メタボリックで嫌だ」,,,
876,875,かずさ,"「多分、一瓶で数万円する。
母さんのフランス土産だ」",,,
878,877,春希,「相変わらずブルジョワだな…」,,,
880,879,かずさ,"「普段飲んでるのは安物のポートワインだよ。
これがまた冗談みたいに甘くていいんだ」",,,
882,881,春希,「いや飲むなよ普段から酒」,,,
884,883,かずさ,"「だ～ってあたし不良だもん。
少しはそれらしいことやんないと、
世間に示しがつかないじゃん？」",,,
886,885,春希,"「世間に示しがつかないのは、
今どき不良なんていう
レトロなレッテル貼られてた事実の方だ」",,,
887,,,"ヤンキーやコギャルでさえ死語の領域に入ってるのに、
今どき正面から大人に反抗するなんて…",,,
889,888,かずさ,"「そうなんだよ…
あたしって、この二年間。
ずっと古くさい馬鹿やってたんだ」",,,
891,890,春希,"「きっと大人になって昔話をしたら、
恥ずかしくて死にそうになるぞ？」",,,
892,,,"その時は、俺の口から周りに言いふらしてやりたい。
…赤面して怒り狂う大人の冬馬も見てみたいしな。",,,
894,893,かずさ,"「なのに今のあたしは何やってんだろ？
委員長に学園のアイドルみたいな健全な奴らとつるんで、
真面目に学園祭やって、勉強して、一緒に遊んで…」",,,
896,895,春希,「………」,,,
898,897,かずさ,"「こんなふうに、ふざけて酒飲むだけのことが、
なんだかとんでもない大イベントみたいに錯覚して…」",,,
900,899,春希,「…進化したな」,,,
902,901,かずさ,「これって進化なのかな？」,,,
904,903,春希,「少なくとも、ちょっとだけ今風になった」,,,
906,905,かずさ,「イマ風…ね」,,,
908,907,春希,"「プロとか芸術とか関係なく、目立つために音楽やったり、
孤高を気取るとか、そういうカッコ悪い真似やめたり」",,,
910,909,かずさ,"「…優等生なんて、もっと古くさくてカッコ悪い真似を
ずっとやってる北原に、そんなこと言われてもな」",,,
912,911,春希,"「だから俺も、ちょっとだけ羽目を外した。
校則破ったり、目立つために音楽やったり、
…女の子たちと三人だけで旅行に行ったり」",,,
914,913,かずさ,"「…最後のなんか超イマ風だな。
北原のくせによくやった」",,,
916,915,春希,「山奥の温泉旅館だけどな」,,,
918,917,かずさ,「…雪、やまないな」,,,
920,919,春希,「そうだな」,,,
922,921,かずさ,「真っ白だな」,,,
923,,,『明日、出発できるのかな？』,,,
925,924,春希,「…そうだな」,,,
926,,,"今までならここで、
そんな野暮なことを問いかけてただろうな。",,,
927,,,"けど、今の俺は
少しばかりはロマンチックって奴を理解できて、
野暮ってものがどういうことかわかるようになってきた。",,,
929,928,かずさ,「…何だよ？」,,,
931,930,春希,「別に…」,,,
932,,,"だから、冬馬をじっと見つめてること、気づかれても、
いちいち視線を外したりしない。",,,
934,933,かずさ,「…そか」,,,
935,,,"そしたら…ほら、冬馬の方から視線を外す。
俺の勝ちだ。",,,
937,936,春希,「………」,,,
939,938,かずさ,「っ…」,,,
940,,,冬馬の横顔に、ちょっとだけ朱が差す。,,,
941,,,だから余計に、その横顔から視線が外せなくなってしまう。,,,
943,942,春希,「綺麗だな」,,,
945,944,かずさ,「う、うん…真っ白だ」,,,
947,946,春希,「だな…白くて、つるつるだったっけ？」,,,
949,948,かずさ,「そ、それは…雪菜だ」,,,
951,950,春希,「そか…」,,,
953,952,かずさ,「………」,,,
955,954,雪菜,「ん…んぅ…」,,,
956,,,………,,,
961,960,春希,「ふぅ…」,,,
962,,,一時間、酒を抜くためにぼうっとして。,,,
963,,,"雪菜が冬馬の膝の上で安らかな寝息を立て、
冬馬も壁にもたれ、うつらうつらしているのを、
しばらく堪能してから、静かに部屋を出た。",,,
964,,,もちろん、二人に毛布をかけるのを忘れずに。,,,
965,,,"深夜も深夜の露天風呂は、
もともとの宿泊客の少なさもあいまって、
いつまでも俺の貸し切り状態だった。",,,
966,,,"…経営大丈夫なのかな、この旅館。
こんなにいい風呂があるってのに。",,,
968,967,春希,「あ～…」,,,
969,,,"感嘆の声が、誰もいない湯船から、
白い粒の舞う夜空へと吸い込まれていく。",,,
970,,,"夜になって降り出した雪は、
未だにその勢いが衰えないまま、
湯船に落ちては、少しずつ熱い湯を冷ましてくれる。",,,
971,,,"しばらく、その空から舞い落ちる白い雪を眺め、
ゆっくりと目を閉じて、全身の力を抜く。",,,
972,,,………,,,
973,,,"そうやって、自分を暗闇に追い込むと、
瞼に浮かんでくるものは、つい最近に見た、
一番目に焼き付いている光景だったり。",,,
975,974,春希,「…鎮まれ」,,,
976,,,"数年来の親友のように、身体を寄せ合って、
俺の前で無防備なまま、うたた寝する二人。",,,
977,,,"その場に居合わせたことを神様に感謝しつつ
（クリスマスだから神にお祈りするのは当然だ）、
ずっと見つめて、見飽きなくて、やっと得た結論。",,,
978,,,"雪菜が、会うたびに、触れ合うたびに、
俺に新しい可愛らしさを突き刺してくるように…",,,
979,,,今の冬馬も…今までより、ずっと綺麗になってる。,,,
981,980,春希,「～っ！」,,,
982,,,俺が、甘かった。,,,
983,,,"最初に会ったときから、その性格とか態度に関係なく、
あの、儚い細工物のような綺麗な容姿は、
ずっと変わらないって思ってた。",,,
984,,,"あれは冬馬の人となりに拠らない、
ただ偶然完成してしまった奇跡だって、そう思ってた。",,,
985,,,けど違ってた…,,,
986,,,"笑ったり、からかったり、ため息をついたり、
よくわからない表情で俺を見つめてくる冬馬は。",,,
987,,,よくわからない表情で、俺から目をそらす冬馬は…,,,
988,,,"今までの俺の審美眼を馬鹿にするように、
自分の新しい美しさを、これみよがしに俺に見せつける。",,,
989,,,"その傍らで眠る雪菜は、凄く綺麗で、
俺だけが知ってる可愛さもあいまって、
ずっと抱きしめていたいくらい愛しく感じてるのに。",,,
990,,,"なのに、目の前にいる、俺の友達に。
俺の彼女の友達に。",,,
991,,,そんな心からの憧憬を感じてしまう。,,,
993,992,春希,「っ…」,,,
994,,,俺って………,,,
995,,,冷静に判断しなくても、最低だ。,,,
996,,,追い立てられるように、湯船から立ち上がる。,,,
997,,,"ここで湯に浸かったままだと、
自分の醜さがどんどん流れ出してしまいそうだから。",,,
998,,,"今はとにかく部屋に戻って、頭から布団を被って、
夢も見る暇もないくらい深く寝てしまおう。",,,
999,,,"もちろん、二人の部屋とはふすま一枚隔てられた、
隣の部屋の、隅っこで。",,,
1001,1000,春希,「…？」,,,
1002,,,"こんな時間に、
俺以外にも風呂に入ろうなんて物好きが…",,,
1004,1003,？？？,"「ちょ、ちょっと待て…
本気か？　正気なのか雪菜？
酔ってるよな？　そうなんだよな！？」",,,
1006,1005,？？？,"「ふふふっ…酔ってるかもね？
あ、もしかしたら、寝ぼけてもいるかも」",,,
1008,1007,春希,「………え？」,,,
1009,,,"脱衣場の方から、誰か…
いや、誰かたちが近づいてくる。",,,
1010,,,"ほんのりと白い湯気に少しだけ隠れてた人影が、
…こちらに向かって、ゆっくりと形を為してくる。",,,
1012,1011,？？？,"「や、やめろ…押すな。
こっちは来たら駄目だって
ま、まだあいつ…っ」",,,
1014,1013,？？？,"「あ、いたいた。
春希く～ん」",,,
1016,1015,春希,「う、うわああああああっ！？」,,,
1018,1017,春希,「あ、熱ぅ！　熱っつぅ！？」,,,
1019,,,"一度湯船から上がった体は、
思った以上に降りしきる雪に冷やされていたらしく、
再び飛び込んだ湯船の熱いこと…",,,
1020,,,"とか、そういう些細な問題を云々するのは、
今の状況に頭がついていかなかったせいで。",,,
1022,1021,春希,"「み、見るな！
見ないで…」",,,
1024,1023,かずさ,「それはこっちの台詞だ！」,,,
1026,1025,雪菜,"「こっちから押しかけたのに、
それはないよかずさ…」",,,
1027,,,"今、俺の目の前に、二枚のバスタオルが…
いや違った。",,,
1028,,,"さっき、白いふくらはぎだけで興奮してたのに、
今はまぶしい太股まで思いっきり…じゃなくて。",,,
1030,1029,春希,「な、なんで、どうして…」,,,
1031,,,"というか、バスタオル一枚だと、
身体のラインが見えすぎて困る。",,,
1033,1032,雪菜,"「ここって中は繋がってるんだよね。
さっき入った時に気づいてたんだ」",,,
1035,1034,春希,"「犯行手口を聞いてるんじゃなくて、
動機を尋ねてるんだ俺は！」",,,
1037,1036,かずさ,「あたしが聞きたいよそれ…」,,,
1039,1038,雪菜,"「そんなの、さっきみんなで約束したじゃない。
わたしたちが三人でいるときは」",,,
1040,,,『いつでも三人』,,,
1042,1041,春希,「いや、それって…この場合もなのか！？」,,,
1043,,,………,,,
1045,1044,雪菜,「う～ん、やっぱり大きなお風呂は気持ちいいね」,,,
1046,,,"雪菜の吐息混じりの声と、
お湯を掬い上げる音が響く。",,,
1047,,,…俺のすぐ後ろで。,,,
1049,1048,春希,"「見損なったぞ冬馬…
お前がついていながら何てザマだ」",,,
1051,1050,かずさ,"「北原の彼女だろ！
お前がしつけろよ」",,,
1053,1052,春希,"「お前だって親友だろうが…
どうして止めなかった？」",,,
1054,,,"雪菜が動くと、その時の波が俺にぶつかるくらい、
俺たちはほとんどゼロ距離で湯船に浸かっている。",,,
1056,1055,かずさ,「止めたよ！　嫌がったよ！　けど…」,,,
1058,1057,雪菜,"「あ～もう、二人とも喧嘩しないの。
こんなに気持ちいいんだから、
もっとおおらかな心で、ね？」",,,
1060,1059,春希,「なんで平気なんだよ雪菜…？」,,,
1061,,,"て言うか、雪菜の肩が俺に時々触れるし。
しかも冬馬の言ったとおり、本気でつるつるだし…",,,
1063,1062,雪菜,"「だって春希くんならじろじろ見たりしないだろうなって。
きっと一生懸命後ろ向いてくれてるだろうなって、
わかってたから」",,,
1064,,,嫌なところを見透かされてるなぁ。,,,
1066,1065,かずさ,"「さっき雪菜をからかったろ？
…ずっと根に持ってたみたいなんだ」",,,
1068,1067,春希,"「そりゃ、お前は仕返しされても仕方ないよ？
でも俺は？　どっちにもやられっぱなしじゃないか！」",,,
1070,1069,かずさ,「女二人と混浴してるんだぞ…贅沢言うなよ」,,,
1072,1071,春希,「贅沢にも限度ってものがあるだろ…」,,,
1073,,,"とにかく今は、あまりにもお約束過ぎるから、
鼻血だけは決して出すまいと必死に鼻を押さえる。",,,
1075,1074,雪菜,"「別にいいじゃない。旅の恥は掻き捨てでしょ？
今は恥ずかしくても、いずれ楽しい思い出になるよ」",,,
1077,1076,春希,「…思い出すたびに冬馬に殴られそうな気もするけど」,,,
1079,1078,かずさ,"「偶然だな北原。
あたしも今、まったく同じ光景が目に浮かんだ。
グーで思い切り行ってたよ」",,,
1081,1080,雪菜,"「こんなにいいお湯と、こんなにいい景色だよ？
もっと楽しもうよ」",,,
1083,1082,春希,「真っ暗だけどな」,,,
1085,1084,かずさ,「雪しか見えないけどな」,,,
1087,1086,雪菜,「どれだけ見ても、飽きないよね…」,,,
1088,,,"俺たちの揶揄などものともせず、
雪菜が楽しそうに、雪の降りる空を見上げる。",,,
1089,,,"今日、初めて雪を見たんじゃないかってくらい、
何度でも驚き、はしゃぎ、そして噛みしめる。",,,
1091,1090,雪菜,"「あ～あ、ほんと最高。
もう帰りたくないなぁ」",,,
1093,1092,春希,「雪菜…」,,,
1095,1094,かずさ,「………」,,,
1096,,,"空を見上げる雪菜の頭が、
俺の肩に載せられる。",,,
1097,,,"濡れた髪に、シャンプーの香り。
ちょっとだけ我慢した甘えを感じられる、心地良い重さ。",,,
1099,1098,雪菜,"「…なんだか眠くなってきた。
もし寝ちゃったら、部屋まで運んでね」",,,
1101,1100,春希,「お…俺が？」,,,
1102,,,"湯船の中で、ちゃんとマナー通り
タオルを取ってる雪菜を？",,,
1104,1103,雪菜,"「大丈夫だよ。
その時は事故なんだから、見られても平気だって」",,,
1106,1105,春希,「え、え…」,,,
1108,1107,かずさ,「ホント、雪菜にはかなわない」,,,
1110,1109,雪菜,"「さっき散々わたしを泣かせておいて、
よく言うよかずさは」",,,
1112,1111,かずさ,"「こっちがやっとの思いで一矢報いたら、
こんな強烈な仕返ししてくるくせに」",,,
1113,,,なんて言いながら…,,,
1114,,,"冬馬のほうも、今はきっと、
たおやかに全身の力を抜いて、
雪が降りしきる空をぼうっと眺めてるはずだ。",,,
1116,1115,かずさ,"「あたしみたいな小物はさ、
雪菜には、一生勝てそうにないよ」",,,
1117,,,"だって…
その黒くて長い髪が、俺の肩をくすぐる。",,,
1119,1118,かずさ,「ホント、勝てない…」,,,
1120,,,そして…,,,
1122,1121,春希,「冬馬…」,,,
1124,1123,かずさ,「なんだよ？」,,,
1126,1125,春希,「いや…」,,,
1127,,,"背中が、触れてるんだけど。
絶対に、わかってるはずなんだけど。",,,
1128,,,"測ったように、雪菜が俺に触れた後…
なんてのは、考えすぎかもしれないけど。",,,
1130,1129,雪菜,「ずっと、こうしてたいね」,,,
1132,1131,かずさ,「………ああ」,,,
1134,1133,春希,「………」,,,
1135,,,雪は、少しだけ弱くなってきてたみたいだった。,,,
1136,,,………,,,
1137,,,……,,,
1138,,,…,,,
1141,1140,春希,"「どうしたんだ？
疲れたか？」",,,
1142,,,"インターを降りたところで、
冬馬は車を路肩に止めた。",,,
1144,1143,かずさ,「…一緒にいてやれよ」,,,
1146,1145,雪菜,「ん…んぅ…」,,,
1147,,,"ルームミラーで後部座席を見やりながら、
冬馬が俺につぶやく。",,,
1148,,,"後部座席では、雪菜の頭が斜めに傾いて、
今にも崩れ落ちてしまいそうだった。",,,
1150,1149,春希,"「あと一時間もしないうちに着くだろ？
このままでいいよ」",,,
1152,1151,かずさ,"「遠慮するなって。もうナビはいらない。
ここからの道はわかるよ」",,,
1153,,,"雪菜は、さっきまで必死に起きて、
みんなに頑張って話し掛けていた。",,,
1154,,,"それでも、都内に入った辺りで安心したのか、
とうとう限界を超えたらしかった。",,,
1156,1155,春希,"「やめとく。
そしたら俺も一緒に寝ちまいそうだ」",,,
1158,1157,かずさ,"「別に、雪菜と一緒に寝てたっていいぞ。
着いたらちゃんと起こしてやる」",,,
1159,,,"けれど、雪菜が眠ってしまったのは、
明らかに俺たちのせいだった。",,,
1161,1160,春希,"「目が覚めたら天国に着いてましたじゃ
洒落にならないし」",,,
1163,1162,かずさ,"「…まだあたしの腕を信用してないのか？
もう、バックも切り返しも駐車場入れも…」",,,
1165,1164,春希,"「腕は信用してるけど、
疲れてないってのは信用してない」",,,
1167,1166,かずさ,「大丈夫だって。運転中に寝やしない」,,,
1169,1168,春希,"「それでも、確率はゼロじゃない。
でも、もう一人が起きてたら、
さらにゼロに近づくだろ？」",,,
1170,,,だって、俺たちは…,,,
1171,,,"最後の最後まで、頑張ってはしゃぎ続けることが
できなかったから。",,,
1173,1172,かずさ,「…勝手にしろ」,,,
1175,1174,春希,「ああ、そうする」,,,
1177,1176,かずさ,「その代わり、ずっと<R助手席|そこ>にいるなら約束しろ」,,,
1179,1178,春希,「何を？」,,,
1181,1180,かずさ,"「絶対に寝ないって。
…間違えそうになるから」",,,
1183,1182,春希,"「…やっぱ道あやふやなんじゃないか。
大丈夫。着くまで必ず起きてる」",,,
1185,1184,かずさ,「…ホントに頼むな」,,,
1186,,,朝飯を食って、旅館を出て。,,,
1187,,,"途中のドライブインで昼飯を食って、
さあ、後は家に帰るだけとなった辺りから。",,,
1188,,,俺と冬馬の口数が、めっきり減っていったから。,,,
1190,1189,かずさ,「………」,,,
1192,1191,春希,「………」,,,
1194,1193,雪菜,「ん…」,,,
1195,,,結局のところ…,,,
1196,,,"楽しすぎたのがいけなかった。
嬉しすぎたのがいけなかった。",,,
1197,,,"祭りの後が、きつ過ぎた。
学園祭のときよりも、遥かに重苦しかった。",,,
1198,,,…いや、そうじゃない。,,,
1199,,,俺たちには、学園祭の後の記憶があったから。,,,
1200,,,"全てが終わって、
たくさんのことに決着がついたあの日と重なって、
言葉を失っていったのかもしれない。",,,
1202,1201,かずさ,「な、北原」,,,
1204,1203,春希,「ん？」,,,
1205,,,"そんなふうに、寂しい物思いに耽っていると、
信号で止まった冬馬がやっと声を発する。",,,
1206,,,いや、本当はさっきから何度も口を開きかけてた。,,,
1207,,,"だけど何度も逡巡し、そのたびに頭を振って、
ため息をついて、少しだけ運転に集中して、
そしてまた逡巡してた。",,,
1209,1208,かずさ,「色々と…ありがとうな」,,,
1211,1210,春希,「死亡フラグを立てるな」,,,
1212,,,逡巡の理由は、それだけで理解した。,,,
1213,,,"俺に感謝なんて、死ぬほど慣れないことを
やろうとしてたせいだった。",,,
1215,1214,かずさ,「たまには普通に感謝されろ。このあまのじゃく」,,,
1217,1216,春希,「感謝されるようなことなんか何もしてない」,,,
1218,,,"『お前に言われたくないわ！』と口ごたえして、
言い合いに発展する元気は、今の俺たちにはなかった。",,,
1220,1219,かずさ,"「お前があたしを引きずり込まなかったら、
こんなことにはならなかった」",,,
1222,1221,春希,「…なんだか言い方が恨みがましく聞こえるぞ」,,,
1224,1223,かずさ,「…そうかな？　ごめん、もう少し言い方改めるな」,,,
1225,,,"それでも冬馬は、俺への感謝なんていう、
きっと、相当に屈辱で、精一杯頑張る必要のある行為を
必死で続けるつもりらしかった。",,,
1227,1226,かずさ,"「お前と雪菜が、あたしの前に現れなかったら…
あたしは毎日、ゆっくり寝て、好きなことやって、
自由気ままな暮らしを続けていられたのに」",,,
1229,1228,春希,「…わざとだろお前」,,,
1230,,,"そんな彼女の原動力が何なのかわからないけど、
少なくとも、その努力が実を結んでいるとは
到底思えない恨みがましさの香りがした。",,,
1232,1231,かずさ,"「い、いや…上手くまとまらないんだ。
言いたいことはわかってるんだけど、
口が拒否してるって言うか」",,,
1234,1233,春希,"「はぁ、もういい。
お前に感謝されるなんて気持ち悪い」",,,
1236,1235,かずさ,「酷いなお前」,,,
1237,,,"そのくせ、俺の言葉に本気で傷ついているように
見えるのが、相当にタチ悪い。",,,
1239,1238,春希,"「それにさ
感謝なんて、本当はして欲しくない」",,,
1241,1240,かずさ,「北原…」,,,
1242,,,だから俺は、やっぱり冬馬の感謝の言葉を否定する。,,,
1244,1243,春希,「俺が好きでやってることで、全部俺のためで」,,,
1245,,,そんな言葉は、自覚してる努力の対価として受け取りたい。,,,
1247,1246,春希,「冬馬のためとか考えたこと、一度だってないし」,,,
1249,1248,かずさ,"「あたしはそういうの雪菜に却下されたぞ。
お前もちゃんと感謝されろよ。不公平だろ」",,,
1251,1250,春希,"「やなこった。
死んでもお断りだ」",,,
1252,,,"自分が頑張ってるなんて考えもしなかった行為を、
今さらありがとうって言われたって、なんか悔しいだけだ。",,,
1254,1253,かずさ,"「お前…他の奴のお節介もそうなのか？
あれ全部嬉々としてやってるのか？」",,,
1256,1255,春希,「雪菜と冬馬に対してだけだ」,,,
1258,1257,かずさ,「………」,,,
1259,,,だから、他の奴らに感謝されたなら…,,,
1260,,,"精一杯勿体ぶって、
噛んで含めるように反省を促して、
当然のように受け止めてみせる。",,,
1261,,,それはつまり…そいつらは特別じゃないからで。,,,
1263,1262,かずさ,"「その言葉…
忘れない、よ」",,,
1264,,,"特別な奴が、最後に何か呟くと、
車はゆっくりと進み出した。",,,
1265,,,………,,,
1266,,,……,,,
1267,,,…,,,
0,,,,,,
183,,,CATCH,,,
513,,,v101204_bg.tga,,,
514,,,,,,
515,,,grp,,,
516,,,v101204_chr.tga,,,
517,,,,,,
518,,,grp,,,
957,,,湯煙.ani,,,
958,,,,,,
959,,,grp,,,
1139,,,CATCH,,,
1268,,,1010_040,,,
1269,,,,,,
